Workbook

Sheet Viet_qr_Gsheet
A1: ACB | B1: 25000
A2: BIN | B2: =+VLOOKUP($A$1,List_bank!$B:$G,5,0) -> #N/A
A3: STK | B3: =+VLOOKUP($A$1,List_bank!$B:$G,2,0) -> #N/A
A4: Template | B4: BdT8CDO
A5: =HYPERLINK(B5, "🔗 Link_qr") -> #N/A | B5: ="https://img.vietqr.io/image/"&B2&"-"&B3&"-"&B4&".png?amount="&B1&"" -> #N/A
A6: =HYPERLINK("https://api.vietqr.io/v2/banks", "🔗 Viet_qr.io") -> 🔗 Viet_qr.io
A7: =HYPERLINK("https://my.payos.vn/", "🔗 Pay_os") -> 🔗 Pay_os | B7: =_xlfn.IMAGE(B5) -> #N/A
A8: =HYPERLINK("https://my.vietqr.io/", "🔗 Template") -> 🔗 Template
A23: 988910
A24: 414079
A25: =A23-A24 -> 574831

Sheet List_bank
A1: data__id | B1: list_name | C1: data_num | D1: name_ac | E1: data__name | F1: data__code | G1: data__bin | H1: data__shortName | I1: data__logo | J1: data__short_name
A2: 38 | B2: =IFERROR((VLOOKUP(Table1[[#This Row],[data__id]],'API - io'!$A:$H,3,0)),"-") -> TCB | C2: 44699999999 | D2: Huynh Tran Tuan Kiet | E2: =IFERROR((VLOOKUP(Table1[[#This Row],[data__id]],'API - io'!$A:$H,5,0)),"-") -> Techcombank | F2: =IFERROR((VLOOKUP(Table1[[#This Row],[data__id]],'API - io'!$A:$H,3,0)),"-") -> TCB | G2: =IFERROR((VLOOKUP(A2,'API - io'!$A:$G,4,0)),"-") -> 970407 | H2: =IFERROR((VLOOKUP(A2,'API - io'!$A:$G,5,0)),"-") -> Techcombank | I2: =IFERROR((VLOOKUP(A2,'API - io'!$A:$G,6,0)),"-") -> https://cdn.vietqr.io/img/TCB.png | J2: =IFERROR((VLOOKUP(A2,'API - io'!$A:$G,7,0)),"-") -> Techcombank
A3: 43 | B3: =IFERROR((VLOOKUP(Table1[[#This Row],[data__id]],'API - io'!$A:$H,3,0)),"-") -> VCB | C3: 1031451081 | D3: Huynh Tran Tuan Kiet | E3: =IFERROR((VLOOKUP(Table1[[#This Row],[data__id]],'API - io'!$A:$H,5,0)),"-") -> Vietcombank | F3: =IFERROR((VLOOKUP(Table1[[#This Row],[data__id]],'API - io'!$A:$H,3,0)),"-") -> VCB | G3: =IFERROR((VLOOKUP(A3,'API - io'!$A:$G,4,0)),"-") -> 970436 | H3: =IFERROR((VLOOKUP(A3,'API - io'!$A:$G,5,0)),"-") -> Vietcombank | I3: =IFERROR((VLOOKUP(A3,'API - io'!$A:$G,6,0)),"-") -> https://cdn.vietqr.io/img/VCB.png | J3: =IFERROR((VLOOKUP(A3,'API - io'!$A:$G,7,0)),"-") -> Vietcombank
B4: =IFERROR((VLOOKUP(Table1[[#This Row],[data__id]],'API - io'!$A:$H,3,0)),"-") -> - | E4: =IFERROR((VLOOKUP(Table1[[#This Row],[data__id]],'API - io'!$A:$H,5,0)),"-") -> - | F4: =IFERROR((VLOOKUP(Table1[[#This Row],[data__id]],'API - io'!$A:$H,3,0)),"-") -> - | G4: =IFERROR((VLOOKUP(A4,'API - io'!$A:$G,4,0)),"-") -> - | H4: =IFERROR((VLOOKUP(A4,'API - io'!$A:$G,5,0)),"-") -> - | I4: =IFERROR((VLOOKUP(A4,'API - io'!$A:$G,6,0)),"-") -> - | J4: =IFERROR((VLOOKUP(A4,'API - io'!$A:$G,7,0)),"-") -> -
B5: =IFERROR((VLOOKUP(Table1[[#This Row],[data__id]],'API - io'!$A:$H,3,0)),"-") -> - | E5: =IFERROR((VLOOKUP(Table1[[#This Row],[data__id]],'API - io'!$A:$H,5,0)),"-") -> - | F5: =IFERROR((VLOOKUP(Table1[[#This Row],[data__id]],'API - io'!$A:$H,3,0)),"-") -> - | G5: =IFERROR((VLOOKUP(A5,'API - io'!$A:$G,4,0)),"-") -> - | H5: =IFERROR((VLOOKUP(A5,'API - io'!$A:$G,5,0)),"-") -> - | I5: =IFERROR((VLOOKUP(A5,'API - io'!$A:$G,6,0)),"-") -> - | J5: =IFERROR((VLOOKUP(A5,'API - io'!$A:$G,7,0)),"-") -> -
B6: =IFERROR((VLOOKUP(Table1[[#This Row],[data__id]],'API - io'!$A:$H,3,0)),"-") -> - | E6: =IFERROR((VLOOKUP(Table1[[#This Row],[data__id]],'API - io'!$A:$H,5,0)),"-") -> - | F6: =IFERROR((VLOOKUP(Table1[[#This Row],[data__id]],'API - io'!$A:$H,3,0)),"-") -> - | G6: =IFERROR((VLOOKUP(A6,'API - io'!$A:$G,4,0)),"-") -> - | H6: =IFERROR((VLOOKUP(A6,'API - io'!$A:$G,5,0)),"-") -> - | I6: =IFERROR((VLOOKUP(A6,'API - io'!$A:$G,6,0)),"-") -> - | J6: =IFERROR((VLOOKUP(A6,'API - io'!$A:$G,7,0)),"-") -> -
B7: =IFERROR((VLOOKUP(Table1[[#This Row],[data__id]],'API - io'!$A:$H,3,0)),"-") -> - | E7: =IFERROR((VLOOKUP(Table1[[#This Row],[data__id]],'API - io'!$A:$H,5,0)),"-") -> - | F7: =IFERROR((VLOOKUP(Table1[[#This Row],[data__id]],'API - io'!$A:$H,3,0)),"-") -> - | G7: =IFERROR((VLOOKUP(A7,'API - io'!$A:$G,4,0)),"-") -> - | H7: =IFERROR((VLOOKUP(A7,'API - io'!$A:$G,5,0)),"-") -> - | I7: =IFERROR((VLOOKUP(A7,'API - io'!$A:$G,6,0)),"-") -> - | J7: =IFERROR((VLOOKUP(A7,'API - io'!$A:$G,7,0)),"-") -> -
B8: =IFERROR((VLOOKUP(Table1[[#This Row],[data__id]],'API - io'!$A:$H,3,0)),"-") -> - | E8: =IFERROR((VLOOKUP(Table1[[#This Row],[data__id]],'API - io'!$A:$H,5,0)),"-") -> - | F8: =IFERROR((VLOOKUP(Table1[[#This Row],[data__id]],'API - io'!$A:$H,3,0)),"-") -> - | G8: =IFERROR((VLOOKUP(A8,'API - io'!$A:$G,4,0)),"-") -> - | H8: =IFERROR((VLOOKUP(A8,'API - io'!$A:$G,5,0)),"-") -> - | I8: =IFERROR((VLOOKUP(A8,'API - io'!$A:$G,6,0)),"-") -> - | J8: =IFERROR((VLOOKUP(A8,'API - io'!$A:$G,7,0)),"-") -> -
B9: =IFERROR((VLOOKUP(Table1[[#This Row],[data__id]],'API - io'!$A:$H,3,0)),"-") -> - | E9: =IFERROR((VLOOKUP(Table1[[#This Row],[data__id]],'API - io'!$A:$H,5,0)),"-") -> - | F9: =IFERROR((VLOOKUP(Table1[[#This Row],[data__id]],'API - io'!$A:$H,3,0)),"-") -> - | G9: =IFERROR((VLOOKUP(A9,'API - io'!$A:$G,4,0)),"-") -> - | H9: =IFERROR((VLOOKUP(A9,'API - io'!$A:$G,5,0)),"-") -> - | I9: =IFERROR((VLOOKUP(A9,'API - io'!$A:$G,6,0)),"-") -> - | J9: =IFERROR((VLOOKUP(A9,'API - io'!$A:$G,7,0)),"-") -> -
B10: =IFERROR((VLOOKUP(Table1[[#This Row],[data__id]],'API - io'!$A:$H,3,0)),"-") -> - | E10: =IFERROR((VLOOKUP(Table1[[#This Row],[data__id]],'API - io'!$A:$H,5,0)),"-") -> - | F10: =IFERROR((VLOOKUP(Table1[[#This Row],[data__id]],'API - io'!$A:$H,3,0)),"-") -> - | G10: =IFERROR((VLOOKUP(A10,'API - io'!$A:$G,4,0)),"-") -> - | H10: =IFERROR((VLOOKUP(A10,'API - io'!$A:$G,5,0)),"-") -> - | I10: =IFERROR((VLOOKUP(A10,'API - io'!$A:$G,6,0)),"-") -> - | J10: =IFERROR((VLOOKUP(A10,'API - io'!$A:$G,7,0)),"-") -> -
B11: =IFERROR((VLOOKUP(Table1[[#This Row],[data__id]],'API - io'!$A:$H,3,0)),"-") -> - | E11: =IFERROR((VLOOKUP(Table1[[#This Row],[data__id]],'API - io'!$A:$H,5,0)),"-") -> - | F11: =IFERROR((VLOOKUP(Table1[[#This Row],[data__id]],'API - io'!$A:$H,3,0)),"-") -> - | G11: =IFERROR((VLOOKUP(A11,'API - io'!$A:$G,4,0)),"-") -> - | H11: =IFERROR((VLOOKUP(A11,'API - io'!$A:$G,5,0)),"-") -> - | I11: =IFERROR((VLOOKUP(A11,'API - io'!$A:$G,6,0)),"-") -> - | J11: =IFERROR((VLOOKUP(A11,'API - io'!$A:$G,7,0)),"-") -> -
B12: =IFERROR((VLOOKUP(Table1[[#This Row],[data__id]],'API - io'!$A:$H,3,0)),"-") -> - | E12: =IFERROR((VLOOKUP(Table1[[#This Row],[data__id]],'API - io'!$A:$H,5,0)),"-") -> - | F12: =IFERROR((VLOOKUP(Table1[[#This Row],[data__id]],'API - io'!$A:$H,3,0)),"-") -> - | G12: =IFERROR((VLOOKUP(A12,'API - io'!$A:$G,4,0)),"-") -> - | H12: =IFERROR((VLOOKUP(A12,'API - io'!$A:$G,5,0)),"-") -> - | I12: =IFERROR((VLOOKUP(A12,'API - io'!$A:$G,6,0)),"-") -> - | J12: =IFERROR((VLOOKUP(A12,'API - io'!$A:$G,7,0)),"-") -> -
B13: =IFERROR((VLOOKUP(Table1[[#This Row],[data__id]],'API - io'!$A:$H,3,0)),"-") -> - | E13: =IFERROR((VLOOKUP(Table1[[#This Row],[data__id]],'API - io'!$A:$H,5,0)),"-") -> - | F13: =IFERROR((VLOOKUP(Table1[[#This Row],[data__id]],'API - io'!$A:$H,3,0)),"-") -> - | G13: =IFERROR((VLOOKUP(A13,'API - io'!$A:$G,4,0)),"-") -> - | H13: =IFERROR((VLOOKUP(A13,'API - io'!$A:$G,5,0)),"-") -> - | I13: =IFERROR((VLOOKUP(A13,'API - io'!$A:$G,6,0)),"-") -> - | J13: =IFERROR((VLOOKUP(A13,'API - io'!$A:$G,7,0)),"-") -> -
B14: =IFERROR((VLOOKUP(Table1[[#This Row],[data__id]],'API - io'!$A:$H,3,0)),"-") -> - | E14: =IFERROR((VLOOKUP(Table1[[#This Row],[data__id]],'API - io'!$A:$H,5,0)),"-") -> - | F14: =IFERROR((VLOOKUP(Table1[[#This Row],[data__id]],'API - io'!$A:$H,3,0)),"-") -> - | G14: =IFERROR((VLOOKUP(A14,'API - io'!$A:$G,4,0)),"-") -> - | H14: =IFERROR((VLOOKUP(A14,'API - io'!$A:$G,5,0)),"-") -> - | I14: =IFERROR((VLOOKUP(A14,'API - io'!$A:$G,6,0)),"-") -> - | J14: =IFERROR((VLOOKUP(A14,'API - io'!$A:$G,7,0)),"-") -> -
B15: =IFERROR((VLOOKUP(Table1[[#This Row],[data__id]],'API - io'!$A:$H,3,0)),"-") -> - | E15: =IFERROR((VLOOKUP(Table1[[#This Row],[data__id]],'API - io'!$A:$H,5,0)),"-") -> - | F15: =IFERROR((VLOOKUP(Table1[[#This Row],[data__id]],'API - io'!$A:$H,3,0)),"-") -> - | G15: =IFERROR((VLOOKUP(A15,'API - io'!$A:$G,4,0)),"-") -> - | H15: =IFERROR((VLOOKUP(A15,'API - io'!$A:$G,5,0)),"-") -> - | I15: =IFERROR((VLOOKUP(A15,'API - io'!$A:$G,6,0)),"-") -> - | J15: =IFERROR((VLOOKUP(A15,'API - io'!$A:$G,7,0)),"-") -> -
... B101: =IFERROR((VLOOKUP(Table1[[#This Row],[data__id]],'API - io'!$A:$H,3,0)),"-") -> - | E101: =IFERROR((VLOOKUP(Table1[[#This Row],[data__id]],'API - io'!$A:$H,5,0)),"-") -> - | F101: =IFERROR((VLOOKUP(Table1[[#This Row],[data__id]],'API - io'!$A:$H,3,0)),"-") -> - | G101: =IFERROR((VLOOKUP(A101,'API - io'!$A:$G,4,0)),"-") -> - | H101: =IFERROR((VLOOKUP(A101,'API - io'!$A:$G,5,0)),"-") -> - | I101: =IFERROR((VLOOKUP(A101,'API - io'!$A:$G,6,0)),"-") -> - | J101: =IFERROR((VLOOKUP(A101,'API - io'!$A:$G,7,0)),"-") -> -

Sheet API - io
A1: data__id | B1: data__name | C1: data__code | D1: data__bin | E1: data__shortName | F1: data__logo | G1: data__short_name | H1: Templa
A2: 1 | B2: Ngân hàng TMCP An Bình | C2: ABB | D2: 970425 | E2: ABBANK | F2: https://cdn.vietqr.io/img/ABB.png | G2: ABBANK | H2: compact2
A3: 2 | B3: Ngân hàng TMCP Á Châu | C3: ACB | D3: 970416 | E3: ACB | F3: https://cdn.vietqr.io/img/ACB.png | G3: ACB | H3: compact
A4: 3 | B4: Ngân hàng TMCP Bắc Á | C4: BAB | D4: 970409 | E4: BacABank | F4: https://cdn.vietqr.io/img/BAB.png | G4: BacABank | H4: print
A5: 4 | B5: Ngân hàng TMCP Đầu tư và Phát triển Việt Nam | C5: BIDV | D5: 970418 | E5: BIDV | F5: https://cdn.vietqr.io/img/BIDV.png | G5: BIDV | H5: BdT8CDO
A6: 5 | B6: Ngân hàng TMCP Bảo Việt | C6: BVB | D6: 970438 | E6: BaoVietBank | F6: https://cdn.vietqr.io/img/BVB.png | G6: BaoVietBank | H6: qr_only
A7: 6 | B7: Ngân hàng Thương mại TNHH MTV Xây dựng Việt Nam | C7: CBB | D7: 970444 | E7: CBBank | F7: https://cdn.vietqr.io/img/CBB.png | G7: CBBank
A8: 7 | B8: Ngân hàng TNHH MTV CIMB Việt Nam | C8: CIMB | D8: 422589 | E8: CIMB | F8: https://cdn.vietqr.io/img/CIMB.png | G8: CIMB
A9: 8 | B9: DBS Bank Ltd - Chi nhánh Thành phố Hồ Chí Minh | C9: DBS | D9: 796500 | E9: DBSBank | F9: https://cdn.vietqr.io/img/DBS.png | G9: DBSBank
A10: 9 | B10: Ngân hàng TNHH MTV Số Vikki | C10: Vikki | D10: 970406 | E10: Vikki | F10: https://cdn.vietqr.io/img/Vikki.png | G10: Vikki
A11: 10 | B11: Ngân hàng TMCP Xuất Nhập khẩu Việt Nam | C11: EIB | D11: 970431 | E11: Eximbank | F11: https://cdn.vietqr.io/img/EIB.png | G11: Eximbank
A12: 11 | B12: Ngân hàng Thương mại TNHH MTV Dầu Khí Toàn Cầu | C12: GPB | D12: 970408 | E12: GPBank | F12: https://cdn.vietqr.io/img/GPB.png | G12: GPBank
A13: 12 | B13: Ngân hàng TMCP Phát triển Thành phố Hồ Chí Minh | C13: HDB | D13: 970437 | E13: HDBank | F13: https://cdn.vietqr.io/img/HDB.png | G13: HDBank
A14: 13 | B14: Ngân hàng TNHH MTV Hong Leong Việt Nam | C14: HLBVN | D14: 970442 | E14: HongLeong | F14: https://cdn.vietqr.io/img/HLBVN.png | G14: HongLeong
A15: 14 | B15: Ngân hàng TNHH MTV HSBC (Việt Nam) | C15: HSBC | D15: 458761 | E15: HSBC | F15: https://cdn.vietqr.io/img/HSBC.png | G15: HSBC
A16: 15 | B16: Ngân hàng Công nghiệp Hàn Quốc - Chi nhánh Hà Nội | C16: IBK - HN | D16: 970455 | E16: IBKHN | F16: https://cdn.vietqr.io/img/IBK.png | G16: IBKHN
A17: 16 | B17: Ngân hàng Công nghiệp Hàn Quốc - Chi nhánh TP. Hồ Chí Minh | C17: IBK - HCM | D17: 970456 | E17: IBKHCM | F17: https://cdn.vietqr.io/img/IBK.png | G17: IBKHCM
A18: 17 | B18: Ngân hàng TMCP Công thương Việt Nam | C18: ICB | D18: 970415 | E18: VietinBank | F18: https://cdn.vietqr.io/img/ICB.png | G18: VietinBank
... A66: 65 | B66: CTCP Dịch Vụ Di Động Trực Tuyến | C66: momo | D66: 971025 | E66: MoMo | F66: https://cdn.vietqr.io/img/momo.png | G66: MoMo
